nome_curso,nome,alunos
Administração,"Carla Dias",127
Administração,"Diego Alves",92
Administração,"Ana Souza",30
Administração,"Elisa Nunes",22
Administração,"Bruno Lima",21
"Ciência da Computação","Bruno Lima",161
"Ciência da Computação","Elisa Nunes",146
"Ciência da Computação","Ana Souza",76
"Ciência da Computação","Diego Alves",66
"Engenharia Civil","Bruno Lima",142
"Engenharia Civil","Ana Souza",104
"Engenharia Civil","Elisa Nunes",77
"Engenharia Civil","Carla Dias",28
"Engenharia Civil","Diego Alves",15
"Sistemas de Informação","Ana Souza",129
"Sistemas de Informação","Elisa Nunes",116
"Sistemas de Informação","Bruno Lima",81
"Sistemas de Informação","Carla Dias",38
